person_id,full_name,title,email,company_ein,start_date,notes
1,Name1,VP HR,user1@bluehorizon.io,33-3333333,2022-03-29,notes: messy row?
2,Name2,HR Manager,user2@pinecrestfoods.com,33-3333333,2022-04-18,notes: messy row?
3,Name3,,user3@acme.com,11-1111111,2022-04-15,notes: messy row?
4,Name4,Sr Engineer,user4@acme.com,22-2222222,2022-01-04,notes: messy row?
5,Name5,Director Finance,user5@pinecrestfoods.com,22-2222222,2022-09-04,notes: messy row?
6,Name6,VP HR,user6@acme.com,22-2222222,2022-05-08,notes: messy row?
7,Name7,Sr Engineer,user7@nowhere.com,33-3333333,2022-09-19,notes: messy row?
8,Name8,Sr Engineer,user8@acme.com,22-2222222,2022-06-01,notes: messy row?
9,Name9,VP HR,user9@pinecrestfoods.com,22-2222222,2022-03-05,notes: messy row?
10,Name10,VP HR,user10@bluehorizon.io,11-1111111,2022-09-25,notes: messy row?
11,Name11,VP HR,user11@nowhere.com,33-3333333,2022-09-14,notes: messy row?
12,Name12,VP HR,user12@pinecrestfoods.com,11-1111111,2022-09-23,notes: messy row?
13,Name13,Sr Engineer,user13@pinecrestfoods.com,11-1111111,2022-04-23,notes: messy row?
14,Name14,Director Finance,user14@nowhere.com,11-1111111,2022-10-05,notes: messy row?
15,Name15,HR Manager,user15@nowhere.com,33-3333333,2022-02-05,notes: messy row?
16,Name16,Sr Engineer,user16@acme.com,33-3333333,2022-10-17,notes: messy row?
17,Name17,,user17@acme.com,,2022-10-05,notes: messy row?
18,Name18,VP HR,user18@acme.com,11-1111111,2022-06-09,notes: messy row?
19,Name19,VP HR,user19@pinecrestfoods.com,22-2222222,2022-04-21,notes: messy row?
20,Name20,HR Manager,user20@acme.com,,2022-06-04,notes: messy row?
21,Name21,VP HR,user21@nowhere.com,22-2222222,2022-07-11,notes: messy row?
22,Name22,,user22@bluehorizon.io,33-3333333,2022-04-14,notes: messy row?
23,Name23,,user23@acme.com,22-2222222,2022-02-25,notes: messy row?
24,Name24,HR Manager,user24@pinecrestfoods.com,11-1111111,2022-03-28,notes: messy row?
25,Name25,VP HR,user25@pinecrestfoods.com,22-2222222,2022-06-22,notes: messy row?
26,Name26,VP HR,user26@bluehorizon.io,11-1111111,2022-04-21,notes: messy row?
27,Name27,Director Finance,user27@nowhere.com,11-1111111,2022-04-09,notes: messy row?
28,Name28,,user28@bluehorizon.io,11-1111111,2022-06-11,notes: messy row?
29,Name29,VP HR,user29@pinecrestfoods.com,11-1111111,2022-05-07,notes: messy row?
30,Name30,HR Manager,user30@acme.com,11-1111111,2022-07-12,notes: messy row?
31,Name31,HR Manager,user31@acme.com,11-1111111,2022-08-09,notes: messy row?
32,Name32,,user32@pinecrestfoods.com,,2022-06-14,notes: messy row?
33,Name33,,user33@bluehorizon.io,33-3333333,2022-09-27,notes: messy row?
34,Name34,VP HR,user34@nowhere.com,,2022-03-07,notes: messy row?
35,Name35,HR Manager,user35@pinecrestfoods.com,11-1111111,2022-09-22,notes: messy row?
36,Name36,HR Manager,user36@pinecrestfoods.com,11-1111111,2022-06-23,notes: messy row?
37,Name37,HR Manager,user37@bluehorizon.io,11-1111111,2022-05-12,notes: messy row?
38,Name38,HR Manager,user38@pinecrestfoods.com,33-3333333,2022-08-29,notes: messy row?
39,Name39,Director Finance,user39@nowhere.com,33-3333333,2022-01-15,notes: messy row?
40,Name40,Sr Engineer,user40@acme.com,,2022-08-29,notes: messy row?
41,Name41,HR Manager,user41@pinecrestfoods.com,22-2222222,2022-08-27,notes: messy row?
42,Name42,Director Finance,user42@acme.com,11-1111111,2022-04-25,notes: messy row?
43,Name43,HR Manager,user43@pinecrestfoods.com,11-1111111,2022-01-26,notes: messy row?
44,Name44,VP HR,user44@bluehorizon.io,33-3333333,2022-02-19,notes: messy row?
45,Name45,VP HR,user45@nowhere.com,11-1111111,2022-03-17,notes: messy row?
46,Name46,,user46@nowhere.com,11-1111111,2022-05-11,notes: messy row?
47,Name47,HR Manager,user47@bluehorizon.io,22-2222222,2022-06-20,notes: messy row?
48,Name48,Director Finance,user48@bluehorizon.io,,2022-03-07,notes: messy row?
49,Name49,Sr Engineer,user49@nowhere.com,11-1111111,2022-02-20,notes: messy row?
50,Name50,Director Finance,user50@pinecrestfoods.com,33-3333333,2022-04-16,notes: messy row?
